filename,category,timestamp,approach_1_5_success,approach_1_5_description,approach_1_5_latency,approach_1_5_tokens,approach_1_5_cost,approach_1_5_error,approach_2_5_success,approach_2_5_description,approach_2_5_latency,approach_2_5_detection_latency,approach_2_5_generation_latency,approach_2_5_tokens,approach_2_5_num_objects,approach_2_5_error,approach_3_5_success,approach_3_5_description,approach_3_5_latency,approach_3_5_detection_latency,approach_3_5_ocr_latency,approach_3_5_depth_latency,approach_3_5_generation_latency,approach_3_5_tokens,approach_3_5_num_objects,approach_3_5_mode,approach_3_5_error
tic_tac_toe-user_won.png,gaming,2025-12-04T15:18:52.051399,True,"This image shows a tic-tac-toe grid with three rows and three columns. The grid contains the following symbols:

- The top row has an ""X"" in the right cell.
- The middle row has an ""O"" in the center cell.
- The bottom row has an ""O"" in the left cell and an ""X"" in the right cell.

The sequence of symbols indicates that neither player has won yet, as there is no complete line of the same symbol.",4.051290988922119,971,0.01167,,True,"In the image, there are two airplanes. One airplane is located at the right bottom, while the other is at the right top. The airplanes are in the sky.

Since the airplanes are in the sky, there are no immediate safety concerns or obstacles on the ground. However, it is important to be aware of the presence of airplanes in the area for safety reasons.

If you are navigating in the vicinity of an airport or an area with airplane activity, listen for any sounds of approaching aircraft and be",1.6231770515441895,0.11410784721374512,1.4402790069580078,302,2,,True,"In front of you, there are two airplanes. One airplane is closer to you on the right side, while the other is a bit farther away on the right top side.",2.40618896484375,0.07525300979614258,,0.618790864944458,1.3404901027679443,248,2,depth,
OUTDOOR_Navigation_ModularAccessibilityRamp_Stairs_CommercialBuilding.jpg,outdoor,2025-12-04T15:19:00.132851,True,"The image shows a metal accessibility ramp and stair setup leading to a set of double doors on a beige building. The ramp system is made of aluminum and has railings on both sides. 

- On the left, there is a long ramp that ascends from the ground level to a landing.
- The ramp then turns to the right, leading to another section that goes up to the main platform in front of the doors.
- To the right of the ramp, there is a set of stairs with",4.149090051651001,1313,0.015130000000000001,,True,"This image does not contain any detectable objects. It seems to be an empty space or a blank screen. Without visible objects, it is essential to proceed with caution in case of potential hazards such as stairs, obstacles, or changes in the walking surface. If this is a navigation aid, it might indicate a lack of information or a clear path. Take extra care and consider seeking further guidance or assistance to ensure safe navigation.",1.4263477325439453,0.05360007286071777,1.3298780918121338,261,0,,True,"In the image, there are no objects detected. The depth is at 130.",1.437621831893921,0.051850080490112305,,0.38352108001708984,1.0436229705810547,208,0,depth,
OUTDOOR_Navigation_PedestrianCrosswalk_SuburbanStreet_PersonCrossing.jpg,outdoor,2025-12-04T15:19:07.146581,True,"In the image, a person with a light blue backpack is walking across a crosswalk from left to right. The crosswalk is marked with white stripes on the street. The person is wearing dark clothing and white shoes.

To the left of the crosswalk, there is a sidewalk with a yellow textured area, likely for accessibility. Several parked cars are visible along the street, on both sides. Trees are lining the sidewalk, and there are residential buildings in the background. The street is mostly empty,",4.300743818283081,1313,0.015130000000000001,,True,"In the center of the image, there is a person and a backpack. To the top, center, left, and right, there are multiple cars. The highest confidence cars are directly ahead and to the left. A truck is located towards the top right corner.

For safety, be aware of the person in front of you and the cars around you, especially the ones directly ahead, to the left, and the truck on the right. Proceed with caution to avoid collisions. The backpack and handbag",1.2097952365875244,0.0684349536895752,1.0972716808319092,518,11,,True,"In front of you, there are seven cars lined up at the top center, left, and right. There is a person at the center.",1.0746698379516602,0.06876206398010254,,0.2875502109527588,0.778918981552124,308,11,depth,
StardewValley_Winter_IceFishingContest.png,gaming,2025-12-04T15:19:13.732321,True,"The image is a screenshot from a video game with a pixelated art style, likely from ""Stardew Valley."" It shows a grassy and sandy area by a body of water. 

In the center, three characters are standing on a sandy path next to the water, fishing. Below them, another character is fishing from a small patch of land that juts into the water. The water is blue with some lily pads.

On the left side, there is a vertical toolbar with various tools and",3.810772180557251,633,0.00833,,True,There are no objects detected in the image. It seems to be an empty space. It's important to proceed with caution and be aware of any potential hazards or obstacles in the area. The user should listen for sounds that may indicate nearby objects or people and use their cane or guide dog to navigate safely. Stay alert and be cautious of any changes in the environment.,1.3430919647216797,0.05335116386413574,1.2570397853851318,249,0,,True,"I'm sorry, but no objects were detected in the image. The depth is 58, indicating a moderate distance.",1.1424829959869385,0.05085325241088867,,0.4038231372833252,0.732673168182373,211,0,depth,
tic_tac_toe-opp_move_1.png,gaming,2025-12-04T15:19:20.029093,True,"The image shows a tic-tac-toe grid with nine squares. In the center square, there is a circle (""O""). In the bottom right square, there is an ""X"". The rest of the squares are empty. The grid lines are white against a black background.",2.663161277770996,929,0.010409999999999999,,True,"You are in a room with an airplane model located at the bottom right. Additionally, there are scissors nearby at the right bottom. 

Ensure there is a clear pathway around these objects to avoid any accidents. The airplane and scissors are on the right side of the room. 

To navigate safely, be cautious of these items and ensure you have a clear path ahead, especially to the left and center to move around the room without any obstructions.",1.7003180980682373,0.08823490142822266,1.5768911838531494,291,2,,True,"In front of you, there's an airplane on the right bottom side, and a pair of scissors also on the right bottom side. The airplane is closer than the scissors. Be careful as you move ahead to avoid bumping into them.",1.207685947418213,0.08963680267333984,,0.5911970138549805,0.6086370944976807,241,2,depth,
INDOOR_Navigation_LongHallway_AccessPoints_ModernDesign.jpg,indoor,2025-12-04T15:19:25.600859,True,"This image shows a narrow, modern hallway with a wooden floor. The walls are a light color, creating a clean and minimalist look. 

On the left side of the hallway, there is a closed door with a sleek metallic handle. Above the handle are two black switches. Further down the left wall, there appears to be a dark, vertical panel, possibly a sliding door or a decorative element.

The right wall is mostly bare, but there is a black rectangular wall light fixture midway along the wall",3.861039161682129,1313,0.015130000000000001,,True,"There are no objects detected in the image. This suggests an empty space or a lack of visual information in the scene. Since no objects are present, it seems like an open area with no immediate obstacles, stairs, doors, or crosswalks to navigate around. In such a scenario, the user can proceed forward freely with caution, ensuring they are alert to any sounds, textures, or other sensory cues in the environment for orientation and safety.",1.0828509330749512,0.11635303497314453,0.9237439632415771,265,0,,True,"I'm sorry, but the image does not contain any objects that can be described. The depth information is 116. Please be cautious as you continue moving forward.",0.9918458461761475,0.14921307563781738,,0.49159812927246094,0.4860200881958008,188,0,depth,
INDOOR_Navigation_SlatPartition_GlassDoors_EntranceExit.jpg,indoor,2025-12-04T15:19:31.538868,True,"The image shows a modern interior space with a focus on minimal design elements. On the left side of the image, there is a sleek, black, curved chair with no visible legs, positioned against a light-colored wall. The floor is made of light wood with a natural finish.

In the center, there are large glass doors framed in black metal, leading to an outdoor area with red brick walls. The glass doors allow natural light to stream into the room, creating bright reflections on the floor.

On",4.69442892074585,1313,0.015130000000000001,,True,There is a chair located at the left bottom of the scene. Be cautious while moving around to avoid tripping over the chair. It's advisable to navigate to the right side to avoid the chair. Be aware of this obstacle while walking to ensure safety.,1.1173088550567627,0.08086705207824707,0.9985518455505371,240,1,,True,"In front of you, there is a chair located towards the left bottom. It's closer to you, so be cautious as you move ahead to avoid bumping into it. Remember to navigate around the chair to continue safely in your surroundings.",1.3316359519958496,0.09265804290771484,,0.4193708896636963,0.9022688865661621,222,1,depth,
SlayTheSpire_Watcher_vs_Cultist_LargeWolf_Act3.png,gaming,2025-12-04T15:19:38.682616,True,"This image is a screenshot from a card-based video game. The scene features a mystical, dark cave setting with an eerie atmosphere. Here's a breakdown of what is visible:

1. **Foreground**: 
   - **Player Character**: On the left side, a character dressed in purple robes stands with a staff, surrounded by a glowing aura. This character has 45 out of 79 health points remaining.
   - **Enemies**: 
     - To the right, there are two enemies",6.354222059249878,1313,0.015130000000000001,,True,"In the image, there are two people located at the left center and right center. There are also two teddy bears at the bottom right of the image. The person at the left center has a confidence level of 0.50, and the person at the right center has a confidence level of 0.42.

For safety, it's crucial to be aware of the people in the center as they are safety-critical elements. To navigate safely, listen for any sounds that indicate their movements",1.5762419700622559,0.09538817405700684,1.4403722286224365,362,4,,True,"In front of you, there are two people, one to your left and one to your right, both at the center. They might be close by.",1.9031710624694824,0.10007286071777344,,0.3919539451599121,1.501971960067749,304,4,depth,
OUTDOOR_EmptyParkingLot_Night_BlueStreetlights_HighContrast.png,outdoor,2025-12-04T15:19:48.516940,True,"The image shows an empty parking lot at night, illuminated by a series of bright streetlights. The lights are evenly spaced along the sides of the lot, creating a symmetrical pattern. The ground is marked with yellow lines indicating parking spaces. The area appears very clean and orderly, with no vehicles present. Trees without leaves are visible in the background, suggesting a winter setting. The overall scene is quiet and well-lit, with a clear view down the center of the parking lot.",2.6250669956207275,628,0.00818,,True,"The image does not contain any objects. It seems to be empty or a blank space. If you are in this environment, it might be a safe open area with no obstacles or hazards. You can explore freely without obstructions. If you are looking for specific objects or landmarks, they are not present in this image.",1.311784267425537,0.05339503288269043,1.2195980548858643,240,0,,True,"In front of you, there are no objects detected. The depth is 68 units, indicating that there is a clear path ahead.",0.7804751396179199,0.05948495864868164,,0.1303269863128662,0.6445508003234863,206,0,depth,
INDOOR_Navigation_LivingRoom_HallwayEntrance_MAINSTSign.jpg,indoor,2025-12-04T15:19:53.234931,True,"This image shows a bright and airy living room with wooden floors. On the right, there's a large window with sheer white curtains letting in natural light. In front of the window is a green sofa with white cushions. A wooden coffee table is in front of the sofa, decorated with plants and a bowl.

To the left of the sofa is a wooden cabinet with plants and decor items on top. A wooden chair with white cushions is placed near the cabinet. There's a woven basket on the floor next to",3.575754165649414,973,0.01173,,True,"You are in a room with a couch in the center, two chairs at the bottom center, a bowl to the right center, and a dining table at the right bottom. There are five potted plants scattered around: one at the left center, two at the right center, and two more at the center. Be cautious of navigating around the furniture and plants to avoid tripping. To move around safely, keep the central area clear of any obstacles and be mindful of the placements of the plants and",1.1254119873046875,0.05673813819885254,1.0349209308624268,394,10,,True,"In front of you, there is a potted plant about arm's length away. Further ahead, there is a couch where you can sit down.",0.95672607421875,0.06672286987304688,,0.22324919700622559,0.7263228893280029,298,10,depth,
TEXT_Navigation_SupermarketEntrance_KrogerFacade_WayfindingSign.jpg,text,2025-12-04T15:19:58.893375,True,"The image shows the entrance of a Kroger store. The building is white, and the Kroger logo is prominently displayed above the entrance. The logo consists of the word ""Kroger"" in blue letters, with a stylized blue shopping cart icon to the left. Below the logo, there are glass double doors for entry. There are windows on either side of the entrance, and a small overhang provides some shade. The building has a clean and modern appearance.",3.037379026412964,627,0.008150000000000001,,True,You are in an area with a clock at the center bottom and a truck on the left bottom. The truck is a safety concern due to its presence on the left. Be cautious while navigating around the truck to avoid any potential hazards. The clock is directly ahead of you at the center. Take note of the truck's position and ensure safe navigation around it to avoid any accidents.,1.216003179550171,0.13687610626220703,0.9400293827056885,297,2,,True,"In the image, there are two objects detected. At the center bottom, there is a clock with moderate confidence. Towards the left bottom, there is a truck with lower confidence.

For safety, it's important to note the truck at the left side. Be cautious of its presence to prevent any accidents.

Unfortunately, no text or signs were detected in the image. Remember to be aware of the truck on your left side and proceed with caution.",1.2787301540374756,0.08049201965332031,0.27138686180114746,,0.9957780838012695,288,2,ocr,
OUTDOOR_CrowdedStreetMarket_ClothingVendors_UrbanSetting_Daylight.jpg,outdoor,2025-12-04T15:20:04.426226,True,"The image shows a bustling outdoor market scene on a tree-lined street. There are numerous stalls on both sides, with colorful clothing and bags hanging on display. People are walking through the market, creating a lively and crowded atmosphere. The tall trees with green foliage provide shade, and buildings are visible in the background on the left and right. The scene is vibrant, with a mix of people browsing and socializing under the canopy of trees.",3.033344030380249,960,0.01134,,True,"In the image, there are 14 people detected. Majority of them are located at the center and left bottom of the scene. The confidence levels vary for each detection.

The main focus should be on the people at the center and left bottom as they are considered safety-critical elements due to their closeness to the user's position. It seems like there's a group of people gathered in front of you. It's essential to proceed with caution to avoid bumping into them.

Given the concentration of",1.8437740802764893,0.06492185592651367,1.754249095916748,586,14,,True,"In the image, there are 14 people around you. Most of them are towards the center and bottom of the image. Some are on the left bottom side, while a few are on the right bottom side. The people are closer to you, so they are the main focus.

As you navigate, be aware of the people around you, especially those in front and to your sides. Move carefully to avoid bumping into them. Enjoy your surroundings and have a great time!",2.3543028831481934,0.0689249038696289,,0.6905548572540283,1.654526948928833,296,14,depth,
SlayTheSpire_Defect_vs_Sentry_ZapPlus.png,gaming,2025-12-04T15:20:11.658482,True,"The image is a screenshot from a card-based video game. It shows a character on the left side wearing a blue outfit with a glowing circular emblem on the chest. Two yellow orbs with the number ""3"" are floating near the character. 

In the center, a large card labeled ""Zap+"" is displayed, showing an illustration of a lightning bolt. Below it, the text reads ""Channel 1 Lightning.""

On the right side, an enemy character is being struck by a bolt of lightning",3.537303924560547,1313,0.015130000000000001,,True,"In the image, there is a bird at the right center and a person at the left center. Additionally, there are two sports balls located at the left top and left center. The person on the left is the most critical element to be aware of, with a confidence level of 0.68.

It's important to note the spatial relationships between the objects for navigation. The person is in the center to the left, the bird is in the center to the right, and the sports balls are",1.4821581840515137,0.08377695083618164,1.3557960987091064,348,4,,True,"In front of you, there are two people standing at the left center. To your right, there is a bird.",1.8434040546417236,0.12186598777770996,,0.49001193046569824,1.344820261001587,285,4,depth,
INDOOR_Navigation_SensoryPath_HospitalClinic_FloorDecals.jpg,indoor,2025-12-04T15:20:18.521950,True,"This image shows a playful, colorful hallway designed for children, likely in a school or daycare. 

- **Left Wall:** There are pink handprints and yellow stars on the wall. A mounted board with blue liquid inside offers a sensory experience. Above it, there's a colorful shooting star decoration.

- **Floor:** The floor is covered with various colorful decals. Starting on the left, yellow paw prints lead down the hallway. Green lily pads with the word ""LEAP"" and blue feet with """,4.197738885879517,973,0.01173,,True,"There are no objects detected in the image. This means there are no immediate obstacles, stairs, doors, or crosswalks in your surroundings. It seems to be an open space with no notable features. Proceed straight ahead cautiously and be aware of any potential changes in the environment. Keep moving forward safely.",1.3390731811523438,0.08030486106872559,1.2195923328399658,237,0,,True,"In front of you, there are no objects detected in the immediate vicinity. The depth information indicates that the area ahead is clear and open.",1.3225059509277344,0.11174798011779785,,0.20834612846374512,1.1074752807617188,207,0,depth,
OUTDOOR_CityCrosswalk_OverheadView_CrowdCrossing_Taxis.jpg,outdoor,2025-12-04T15:20:25.381903,True,"This image shows an aerial view of a busy crosswalk. The crosswalk has wide white stripes painted across the road, and many people are walking in different directions. The pedestrians are scattered, with some individuals and small groups moving across the crosswalk. 

At the top of the image, there are two yellow vehicles, likely taxis, waiting at the intersection. The surrounding area appears to be a city street with sidewalks on both sides, where more people are visible standing or walking. The scene is lively",3.2189323902130127,633,0.00833,,True,"There is a cell phone located at the center top of the image. 

Since there is only one object detected, there are no spatial relationships to describe. 

There are no safety-critical elements, obstacles, stairs, doors, or crosswalks in the image.

The user should be aware that there is a cell phone at the center top of the image. They can try to locate it by reaching out towards the center top area.",1.4878520965576172,0.06334400177001953,1.392624855041504,278,1,,True,"In front of you, there is a cell phone at the center towards the top. It seems to be the closest object. Be cautious as you move ahead to avoid bumping into it.",0.9193150997161865,0.07126379013061523,,0.20989632606506348,0.7026889324188232,214,1,depth,
TEXT_AccessRules_PoolGateSign_RegulatoryText_ApartmentComplex.jpg,text,2025-12-04T15:20:31.008497,True,"The image shows a pool and spa entrance gate made of metal and glass. On the left side of the gate, there is a large sign with white text listing rules and information:

- ""Pool & Spa Hours: 8am - 10pm""
- ""Residents & Their Guests Only""
- ""Guests must be accompanied by a resident.""
- ""Limit 2 guests per apartment.""
- ""Please keep gate locked. You may save a child's life.""
- A notice about not entering the pool",4.9162139892578125,1313,0.015130000000000001,,True,"This is an empty space with no objects detected. It seems to be a clear, open area with no obstacles in sight. There are no immediate safety concerns or navigation obstacles. The user can proceed straight ahead confidently.",1.0786547660827637,0.07296299934387207,0.9773938655853271,219,0,,True,"I'm sorry, but there are no objects or text visible in the image to describe.",0.8642292022705078,0.07129907608032227,0.30466294288635254,,0.5479581356048584,172,0,ocr,
OUTDOOR_Navigation_StreetsideBikeRack_TrafficBarrier_UrbanStreet.png,outdoor,2025-12-04T15:20:37.868490,True,"The image shows a section of a street with a designated bike parking area. This area is situated on the road, to the right of a sidewalk, and is surrounded by yellow posts and barriers. Several bicycles are parked side by side within this enclosed space. To the left, there is a sidewalk with buildings and shops visible, while to the right, cars are driving down the road. In the background, more parked cars and trees can be seen along the street. The website ""www.pedestrians",4.712253093719482,463,0.0066300000000000005,,True,"In the scene, there are 3 bicycles located in the center, left center, and left center. Also, there are 4 cars present at right center, center top, center top, and left top. Additionally, 2 people are detected at right top and left top.

For safety, be cautious of the bicycle in the center, car at right center, car at center top, person at right top, and the bicycles and cars on the left side. 

It is important to navigate",1.331799030303955,0.06731867790222168,1.2222750186920166,501,9,,True,"In front of you, there are three bicycles in the center. To your left, there is another bicycle.",1.7412009239196777,0.08433103561401367,,0.5517511367797852,1.1835670471191406,319,9,depth,
OUTDOOR_Navigation_StonePatio_CurvedStairs_MultiLevelAccess.jpg,outdoor,2025-12-04T15:20:45.654755,True,"The image shows a well-designed outdoor patio area attached to a house. The house has beige siding and large white-framed windows. In the center of the image, there are curved stone steps leading up to a small elevated patio. This patio features a round metal table with two chairs that have red cushions.

To the left of the steps, there is a built-in stone structure with a grill on top. Below, there is a lower patio area with more seating, featuring red cushioned chairs around a",3.77207088470459,1313,0.015130000000000001,,True,"In front of you, there is a bench in the center. To the left and right, there are potted plants scattered around. In the center, there is also a chair. Be cautious while walking around to avoid tripping over the bench, chair, or potted plants. The layout seems open with no major obstacles. You can move forward but stay aware of the objects around you for a safe navigation path.",1.554886817932129,0.0677938461303711,1.4392430782318115,338,7,,True,"In front of you, there is a bench and a chair, both at a similar distance from you. On the right side, there is a potted plant a bit further away, and on the left side, there are four potted plants, with one closer to you and three a bit farther.",1.4641320705413818,0.08909296989440918,,0.291705846786499,1.1647281646728516,318,7,depth,
TEXT_MenuBoard_RestaurantPricing_MultipleSections_MountedSign.jpg,text,2025-12-04T15:20:52.446616,True,"The image shows several menu boards on a wall. They are wooden-framed with black backgrounds and colorful text, divided into sections for different food categories.

1. **Outlaw Burritos** (left side):
   - Features items like ""California,"" ""Gold Rush,"" ""Bank Heist,"" ""Veggie,"" ""Bangin' Baja Fish,"" and ""Boomtown Breakfast Burrito.""
   - Ingredients and prices are listed next to each item.

2. **Tacos** (center):
  ",3.481466054916382,1313,0.015130000000000001,,True,"In the image, there are two books located at the left-center and center positions. The confidence levels of the detection are 0.47 and 0.27, respectively.

To safely navigate this area, you should be aware that there are books to your left and at the center. Take caution when moving around to avoid tripping over them. If you need to walk through this space, consider using a cane to feel the ground in front of you and navigate around the books. Remember to move",1.7055668830871582,0.06134295463562012,1.60026216506958,302,2,,True,"I see two books in front of you, slightly to the left and in the center. There are no other objects around.",0.954395055770874,0.05855417251586914,0.36035895347595215,,0.5787320137023926,205,2,ocr,
TEXT_OpenBook_PrintedParagraphs_YellowedPaper_SpineCurvature.jpg,text,2025-12-04T15:20:58.588883,True,"The image shows an open book with two visible pages. The text is printed in a standard serif font. The pages are slightly yellowed, suggesting an older book or one printed on cream-colored paper. The text on the left page starts with ""I found out that my turn at the podium,"" and includes words like ""CEO"" and ""Will Greenwood,"" which are in italics. The right page continues with sentences starting with ""Also, consider why you don't love your strengths."" The book is positioned",5.165914058685303,1313,0.015130000000000001,,True,"In the center of the image, there are two books. One book is directly ahead, while the other is to the left of the first book. Both books are in the center of the image. 

Given the presence of books, be cautious of potential obstacles on the ground that you might trip over. If you intend to walk forward, ensure you navigate around the books to avoid colliding with them. Be aware of the objects in your path and try to move around them safely.",1.4596009254455566,0.10645198822021484,1.3240561485290527,299,2,,True,"There are two books in the image. One book is located in the center, and the other is to the left of the center. The text on the books or any other signs in the image is not mentioned. It's important to be cautious and mindful of these objects while moving around to avoid any collisions.",2.371788263320923,0.10831284523010254,1.0222511291503906,,1.3346812725067139,242,2,ocr,
INDOOR_Navigation_ElevatorLobby_LongHallway_MarbleFlooring.jpg,indoor,2025-12-04T15:21:07.586575,True,"The image shows a hallway with a polished floor featuring decorative stripes running along its length. The walls are a combination of light beige on the lower half and a darker textured surface on the upper half. There are four elevator doors, two on each side of the hallway. Each elevator door is set into a slightly recessed area framed by light-colored moldings. 

The ceiling has a series of large, round, modern light fixtures evenly spaced along the center. At the far end of the hallway, there's a",3.1571052074432373,463,0.0066300000000000005,,True,"There are no objects detected in the image. You are likely in an open space without any obstacles or specific landmarks nearby. Proceed straight ahead cautiously, as there are no immediate objects or barriers in your path. Listen for any sounds or clues for navigation. If you are at a street crossing, be attentive for traffic sounds before crossing.",1.3294548988342285,0.06575679779052734,1.224457025527954,242,0,,True,"I'm sorry, but there are no objects detected in the image, and the depth is 120. This means there are no identifiable objects nearby. It seems like an open space ahead. Please proceed with caution and be aware of your surroundings as you move forward.",0.8210599422454834,0.08037018775939941,,0.15407800674438477,0.6610922813415527,208,0,depth,
TEXT_CarDashboard_InstrumentCluster_WarningLights_ActiveDisplay.jpg,text,2025-12-04T15:21:12.894681,True,"This image shows a car dashboard with various illuminated indicators and gauges. 

- **Center:** There are two large circular gauges. The left one is a speedometer marked in both kilometers and miles per hour, showing a needle pointing near 80 km/h. The right one is a tachometer with a needle pointing around 2, which indicates engine RPM in thousands.

- **Top Center:** There are several warning lights and symbols. A prominent red car symbol with lane lines, flanked by green arrows",3.5838353633880615,1313,0.015130000000000001,,True,"You are in a room with a clock located at the center. The clock is the main object in the room. There are no obstacles, stairs, doors, or crosswalks in the immediate vicinity. To navigate effectively, you can use the clock as a reference point for orientation within the room. If you need to move around, be mindful of the clock's position to maintain your bearings.",1.2244760990142822,0.06627035140991211,1.1177561283111572,268,1,,True,I see a clock in the center of the image. There are no other objects visible in the picture.,0.7199521064758301,0.06395316123962402,0.2451481819152832,,0.4640500545501709,188,1,ocr,
INDOOR_Navigation_OfficeLobby_HRSignage_GlassWalledHallway.jpg,indoor,2025-12-04T15:21:18.423390,True,"This image shows a modern office hallway and waiting area. On the left side, there is a long corridor with wooden floors, lined with glass walls and wooden doors. One of the doors has a sign labeled ""Human Resources.""

To the right, there is a waiting area featuring two black armchairs and a small table with a lamp on it. A plant in a pot is placed next to the table. Above this area, the wall displays the text ""SUNRISE FINANCIAL"" in large",3.716794967651367,973,0.01173,,True,"In the room, there are two couches positioned at the right center. A chair is located to the right of the center. At the center of the room, there is a potted plant and a vase. Be cautious of the furniture placement while navigating through the area to avoid bumping into them. Move straight ahead to avoid the objects if you need to walk through this room.",1.4160103797912598,0.06314277648925781,1.3034062385559082,320,5,,True,"In front of you, there is a potted plant slightly to the right. Further ahead, there are two couches on the right side and a chair on the right as well.",1.1900277137756348,0.09264302253723145,,0.26766514778137207,0.9147579669952393,288,5,depth,
INDOOR_Navigation_CurvingStaircase_FoyerAccess_HardwoodFloor.jpg,indoor,2025-12-04T15:21:24.746775,True,"The image shows a spacious, well-lit interior of a house featuring a curved staircase. The staircase is located on the left side and has white steps with dark wooden railings and posts. The stairs curve upward to the left.

To the right of the staircase, there is an open area with a small hallway leading further into the house. This area has white columns and a light-colored wall with several framed pictures hanging on it.

On the right side of the image, there is a wooden console table against",3.300158977508545,463,0.0066300000000000005,,True,"You are in a room with a dining table at the right bottom. In the right center, there's a potted plant and a vase. Be cautious of the objects on the right side as you move around the space. The dining table could be an obstacle, so navigate carefully to avoid collisions. Be mindful of the potted plant and vase in the right center to prevent tripping or knocking them over. Watch out for these objects as you explore the room to ensure safety.",1.7400600910186768,0.052969932556152344,1.6476600170135498,314,3,,True,"In front of you, there is a dining table a bit further away. Closer to you on the right, there is a potted plant and a vase. Be careful as you navigate to avoid bumping into the potted plant and vase.",0.7377538681030273,0.057869672775268555,,0.1093740463256836,0.6232891082763672,263,3,depth,
INDOOR_Navigation_BlindManWithCane_TactileSignage_Hallway.jpg,indoor,2025-12-04T15:21:30.525255,True,"The image shows a man walking down a hallway. He is on the left side of the image, holding a long white cane in his right hand, which indicates he might have a visual impairment. He is wearing a blue shirt and jeans.

The hallway has a blue carpet and cream-colored walls. On the right side of the hallway, there is a closed door with a sign on it. There is also a colorful circular sign beside the door. The hallway is well-lit with ceiling lights, and there",3.3640549182891846,973,0.01173,,True,You are currently facing a person located at the left center of the image with high confidence. This person could potentially be in your path. Please be cautious and consider moving to the right to avoid a collision.,0.7260220050811768,0.06551694869995117,0.6280319690704346,249,1,,True,You are facing a person who is located at the left center. They are the closest object in front of you. Please be cautious of this person in your path as you move forward.,1.1109821796417236,0.1007390022277832,,0.5299010276794434,0.5749249458312988,230,1,depth,
StardewValley_TownSquare_VillageCenter.png,gaming,2025-12-04T15:21:35.726803,True,"This is a scene from a pixelated video game depicting a small town area. The image shows a cobblestone plaza in the center with a circular pattern on the ground. To the left, there's a blue house with a purple roof and a red door, surrounded by a wooden fence and trees.

Below the blue house, there's a smaller beige house with a red roof. A path leads up to its entrance, and a pink flowering tree is nearby.

To the right of the plaza, there's a",3.0401010513305664,1313,0.015130000000000001,,True,"In the center top of the room, there is a clock. This room might be a public space or an office. There are no other objects detected at the moment. Knowing the clock's location can help you orient yourself in the room and keep track of time. Be aware of any potential obstacles, doors, or pathways around you for navigation. If you need to know the time, the clock is right ahead of you.",1.567229986190796,0.0555419921875,1.482147216796875,274,1,,True,"In front of you, there is a clock at the center top. It's closer to you compared to other things around. Remember to watch out for it as you move ahead.",1.12860107421875,0.06133103370666504,,0.30617213249206543,0.8137071132659912,210,1,depth,
OUTDOOR_Navigation_ComplexIntersection_BikeLane_PedestrianCrossing.jpg,outdoor,2025-12-04T15:21:41.463368,True,"The image shows a street intersection in Ottawa, ON. The foreground features a pedestrian and bicycle path with white arrows indicating direction. There are green painted areas on the road, marking bike lanes.

On the left, there are road signs: one indicates a left turn for vehicles, and another shows a bike symbol. Black and yellow striped signs are for caution.

A tall pole with traffic lights and a street sign labeled ""Donald St"" is in the center. Beyond the intersection, there are trees and some",3.032299041748047,973,0.01173,,True,"In the scene, there are six cars positioned in various locations: right center, left center, and center center. The most important cars to be aware of are at right center with high confidence (0.77), left center (0.59), and center center (0.26). There are also two traffic lights detected, one at center center and the other at left top, both critical for safety with confidence levels of 0.66 and 0.61.

For safety, be cautious",1.370314121246338,0.06902289390563965,1.2595429420471191,473,8,,True,"In front of you, there are six cars. The first car is on the right side, the second on the left, the third on the right, the fourth on the left, the fifth on the right, and the sixth is in the center.",1.122892141342163,0.07092094421386719,,0.20755410194396973,0.9091091156005859,333,8,depth,
TEXT_RetailShelf_CandyBarProducts_PricingLabels_DenseDisplay.jpg,text,2025-12-04T15:21:46.989387,True,"The image shows two shelves in a store displaying various chocolate bars. 

On the top shelf, from left to right, there are:
- ""Eat-More"" bars in orange packaging.
- ""Bounty"" bars in blue and white packaging.
- ""Twix"" bars in a gold wrapper.

On the bottom shelf, from left to right, there are:
- ""KitKat Chunky"" bars in red and silver packaging.
- ""Skor"" bars in black packaging.
- """,2.3772170543670654,633,0.00833,,True,"The image does not contain any objects. It appears to be an empty space. There are no visible obstacles, stairs, doors, or crosswalks. It seems safe to move around, but be cautious as there might be unexpected elements not captured in the image. If you're looking for specific landmarks or objects, they are not present in this image. Proceed with your planned actions accordingly.",1.3104300498962402,0.04634499549865723,1.2254548072814941,254,0,,True,"I'm sorry, but the image does not contain any objects or text to describe. It appears to be a blank or featureless image.",0.7168169021606445,0.04622507095336914,0.1795797348022461,,0.5293450355529785,182,0,ocr,
TEXT_ChalkboardMenu_HandwrittenCoffeePrices_CafeDrinks.jpg,text,2025-12-04T15:21:51.395108,True,"The image shows a chalkboard menu with a wooden frame, titled ""Coffee and Hot Drinks"" at the top with decorative swirls. Below the title, there are two main sections listing different beverages and their prices. 

On the left side, the menu lists:
- Flat White
- Cappuccino
- Latte
- Macchiato
- Long Black
- Mocha
- Espresso

Each drink has two prices next to it, one for a smaller size and one for a larger size",3.3489837646484375,973,0.01173,,True,"The image does not contain any objects. It appears to be an empty space. There are no safety-critical elements, obstacles, stairs, doors, or crosswalks in view. The user can proceed straight ahead confidently.",0.9501192569732666,0.07716131210327148,0.8321478366851807,221,0,,True,"I'm sorry, but there are no objects present in the image. There is no text or signs to describe.",0.7634689807891846,0.0750727653503418,0.24798798561096191,,0.5056130886077881,177,0,ocr,
four_in_a_row-opp_won.png,gaming,2025-12-04T15:21:56.458129,True,"This image shows a Connect Four game grid, which is a vertical board with six rows and seven columns of circular slots.

- **Bottom Row:** The first column has a pink disc with a teal star, the second column also has a pink disc with a teal star, the third column has a pink disc with a teal star, the fourth column has a plain pink disc, the fifth to seventh columns each have a teal disc.

- **Second Row from Bottom:** The fourth column has a plain pink",3.341792106628418,973,0.01173,,True,This image does not contain any detectable objects. This could mean an empty space or a scene with no identifiable objects. It's important to proceed with caution as there may be potential hazards or obstacles in this environment. Listen for any sounds or use other senses to gather information about your surroundings. Stay alert and proceed carefully if you intend to move through this area.,1.2319109439849854,0.08018112182617188,1.1137659549713135,248,0,,True,"In front of you, there are no objects detected. The area ahead seems clear. Be cautious as you move forward due to the lack of obstacles in your path. It seems safe to proceed.",1.113590955734253,0.10895323753356934,,0.3020362854003906,0.8036289215087891,194,0,depth,
StardewValley_StardewValleyFair_Festival.png,gaming,2025-12-04T15:22:02.146000,True,"This image appears to be from a video game set in a festive outdoor market during autumn. The ground is made up of cobblestone, and there are several red and white striped tents scattered around.

- **Top Left:** There's a tent with a person inside, surrounded by autumn trees with orange leaves. Nearby are barrels and a small table with a display.

- **Top Center:** Two characters are walking along the path. To their right, thereâ€™s a stall with a variety of colorful produce like",3.0921390056610107,1313,0.015130000000000001,,True,"You are standing in a room with a clock right at the center bottom. There are no other objects detected in the image. 

To navigate safely, you can use the clock as a reference point. If you need to move around, be cautious of any furniture, walls, or obstacles that may be near you. If you need to exit the room, listen for any doors or sounds that indicate an exit. The clock can help you orient yourself within the room.",1.3052599430084229,0.0651390552520752,1.1963481903076172,282,1,,True,"In front of you, there is a clock at the center-bottom. It's the closest object, so be careful not to bump into it. Take a step back to avoid hitting it.",0.9231128692626953,0.08097410202026367,,0.312208890914917,0.6028571128845215,212,1,depth,
tic_tac_toe-opp_move_2.png,gaming,2025-12-04T15:22:07.467322,True,"This image shows a tic-tac-toe grid with three rows and three columns. Here's the layout:

- Top row: Empty, Empty, Empty
- Middle row: Empty, Circle, X
- Bottom row: Circle, Empty, X

The grid lines are white against a black background.",1.831543207168579,934,0.01056,,True,"You are in an area with two airplanes. One is located towards the right bottom, and the other is towards the right center. Be cautious of your surroundings and avoid walking towards the right side where the airplanes are located to ensure your safety. If you need to move, consider going in the opposite direction or finding a different path to navigate through this area.",1.0409269332885742,0.07845878601074219,0.9220123291015625,273,2,,True,"In front of you, there are two airplanes. One airplane is closer and slightly to the right, and the other one is a bit further away towards the right as well.",1.1260228157043457,0.12019205093383789,,0.2400951385498047,0.8782739639282227,236,2,depth,
OUTDOOR_Navigation_ConcreteSidewalk_UtilityPoles_ResidentialStreet.jpg,outdoor,2025-12-04T15:22:11.466325,True,"This image shows a sidewalk running parallel to a road. The sidewalk is located on the right side of the image and is bordered by grass on both sides. There are utility poles along the edge of the sidewalk, with one prominent pole in the foreground. The road is on the left side of the image, and there is a parked car visible partially behind one of the utility poles. Trees and greenery are visible in the background. There is a small sign in the grassy area to the right of the sidewalk",2.479883909225464,463,0.0066300000000000005,,True,"In the image, there is a car directly ahead at the center. This is a safety-critical element to be aware of due to its presence in front of you. It's important to proceed cautiously and consider the possibility of a vehicle moving in that area. Be prepared to stop or navigate around the car to ensure safety while moving forward. Pay extra attention to this obstacle to avoid any potential accidents.",1.3452999591827393,0.0593409538269043,1.2448549270629883,288,1,,True,"In front of you, there is a car. It is directly ahead of you. Please be cautious and watch out for the car as it is close by. Make sure to navigate around it safely.",1.0022449493408203,0.06544208526611328,,0.12265396118164062,0.8742110729217529,233,1,depth,
INDOOR_Navigation_AccessibilityRamp_EntryDoor_BrickFacade.jpg,indoor,2025-12-04T15:22:16.294279,True,"The image shows a white door centered in the middle of a brick wall. In front of the door, there's a black ramp leading up to it, which is slightly elevated to bridge the gap between the ground and the door threshold. The ground is paved with large gray tiles, and the ramp is placed directly on top of them. The brick wall consists of red bricks with white mortar lines, creating a classic brickwork pattern. The door has two round doorknobs, one above the other,",3.108473062515259,973,0.01173,,True,You are in a room with a dining table located at the center bottom of the space. Please be cautious while moving around to avoid bumping into the table. It's important to navigate around the table to move through the room safely. Keep the table in mind as a reference point to explore the surrounding area.,1.4825189113616943,0.05915403366088867,1.3829257488250732,252,1,,True,"In front of you, there is a dining table in the center bottom of the image. It's the main object detected, indicating it's closer to you.",1.2281992435455322,0.08225107192993164,,0.25076985359191895,0.9690220355987549,227,1,depth,
SlayTheSpire_Silent_vs_Exploders_Act2_Combat.png,gaming,2025-12-04T15:22:22.114068,True,"The image shows a scene from a card-based video game called ""Slay the Spire."" The setting is a dungeon-like environment with stone walls and glowing green torches in the background. 

In the foreground, on the left, there's a character wearing a skull mask and a green cloak, identified as ""the Silent"" with 36 out of 70 health points. Above the character's health bar, there are icons indicating resources and points.

On the right, there are three small slime enemies",4.634858846664429,1313,0.015130000000000001,,True,"You are indoors with a person located at the left center. There are no other detected objects. Since there is another person present, it is important to be cautious and mindful of their movements to avoid collisions. Proceed slowly and listen for any sounds or voices to help navigate around the person safely. It is advisable to ask for assistance if needed to ensure a smooth and safe passage.",1.508558988571167,0.06322884559631348,1.4073200225830078,283,1,,True,"In front of you, towards the left center, there is a person. They are closer to you, so be mindful of their presence as you navigate. Watch out for them as you move ahead.",1.1190052032470703,0.06786990165710449,,0.3199639320373535,0.7918190956115723,233,1,depth,
four_in_a_row-opp_move_1.png,gaming,2025-12-04T15:22:29.377017,True,"The image shows a Connect Four game board with a 7x6 grid. The circles are dark, indicating empty slots, except for two. In the bottom row, the second column from the right has a green disc, and directly above it in the same column is a red disc. All other circles on the board are empty.",3.4928979873657227,940,0.01074,,True,"The image appears to be empty with no objects detected. It seems like an open space with no immediate obstacles or hazards. It's a good idea to proceed straight ahead cautiously, as there are no visible objects in the way. If you are looking for specific landmarks or guidance, try exploring the space around you by moving in different directions. Remember to use your other senses like touch and hearing to gather more information about your surroundings.",1.8234610557556152,0.07426190376281738,1.5310847759246826,261,0,,True,"I'm sorry, but based on the information provided, no objects were detected in the image. The depth is 91. Since there are no objects detected to describe, it seems like the area ahead is clear. Just keep moving forward with caution and stay alert to any changes in your surroundings.",1.2876918315887451,0.13288664817810059,,0.3495340347290039,0.9297292232513428,214,0,depth,
OUTDOOR_Navigation_ResidentialEntrance_StairsAndRailing_HouseNumber.png,outdoor,2025-12-04T15:22:35.981657,True,"This image shows the front of a house with a light gray exterior. There is a staircase leading up to a small porch with a bright orange door. The staircase has gray railings and wooden steps. To the left of the stairs, there's a paved area with a dark chair. Below the front window, there's a garden bed with some plants.

On the right side of the image, part of another house is visible, with a glass-enclosed porch and some greenery. The lawn in front of the",4.765220880508423,973,0.01173,,True,"There is a bench located at the bottom left of the image with a confidence level of 0.51. Next to the bench, towards the left, there is a chair with a confidence level of 0.35. The bench is on the left side and the chair is also on the left side, both towards the bottom of the image. There are no safety-critical elements, obstacles, stairs, or doors in the immediate vicinity of these objects. 

It's important to note the presence",1.0277647972106934,0.07648897171020508,0.9099724292755127,302,2,,True,"In front of you, there is a bench located to the left at the bottom. It is closer to you than the chair, which is also to the left at the bottom.",0.9243106842041016,0.0901787281036377,,0.21527791023254395,0.7021348476409912,240,2,depth,
four_in_a_row-opp_move_4.png,gaming,2025-12-04T15:22:42.699808,True,"The image shows a grid resembling a Connect Four game board. It has six rows and seven columns. The circles are divided into two colors: red and green.

- The first column (from the left) has five filled circles: four green at the bottom and one red at the top.
- The second column has one red circle at the bottom.
- The third column has one green circle at the bottom.

All other spaces in the grid are empty.",3.5811991691589355,964,0.01146,,True,"The image does not contain any objects. It seems to be an empty space or a blank area. It's important to proceed with caution as there may be potential hazards or obstacles that are not visible. If you are in this environment, try to listen for sounds or feel around for any physical barriers. It is crucial to move slowly and attentively to ensure safety. If you are unsure of the surroundings, consider asking for assistance or using a mobility aid for navigation.",1.105633020401001,0.08613824844360352,0.9803569316864014,269,0,,True,"I'm sorry, but no objects were detected in the image. The depth of the image is 86, indicating some distance.",1.043853998184204,0.08612704277038574,,0.2339310646057129,0.8017888069152832,212,0,depth,
TEXT_WeatheredWarningSign_NoParking_Roadside_FadingPrint.jpg,text,2025-12-04T15:22:48.431196,True,"The image shows two signs on the side of a road. The sign in the foreground is prominently displayed and reads ""NO PARKING"" in large, pink letters on a black background. It is attached to a metal post. In the background, another similar sign is visible, also displaying ""NO PARKING,"" but it is smaller and more distant. The road is on the left side of the image, surrounded by grass and scattered autumn leaves. Trees with fall foliage are visible in the background.",4.198970079421997,972,0.0117,,True,"The image does not contain any objects. It appears to be an empty space. There are no obstacles, stairs, doors, or crosswalks visible. It seems safe to move forward. Please be cautious of your surroundings and continue navigating if needed.",1.1232800483703613,0.061367034912109375,1.0211009979248047,226,0,,True,"I'm sorry, but there are no objects or text visible in the image.",0.6182558536529541,0.05770111083984375,0.16815900802612305,,0.4426860809326172,170,0,ocr,
INDOOR_Navigation_ArchwayEntrance_Staircase_Wayfinding.jpg,indoor,2025-12-04T15:22:54.372097,True,"This image shows an interior space with a wooden floor. On the left, there's a staircase with white railings and wooden steps leading up. At the base of the stairs is a small wooden cabinet with a dark finish, and next to it is a tall potted plant.

To the right of the stairs, there's a built-in white cabinet with glass doors and shelves displaying a few decorative items. The cabinet is set into a beige wall. Above, there is a ceiling light fixture with a simple design",3.8779048919677734,1313,0.015130000000000001,,True,"You are in a room with a chair on your left side in the center and a potted plant directly ahead in the center. Be cautious of these objects to avoid bumping into them. The chair might be a seating option, while the potted plant is likely a decorative feature. Move carefully around the chair and plant to navigate the space safely.",1.2190427780151367,0.05945873260498047,1.1194779872894287,274,2,,True,"In front of you, there is a chair to your left and a potted plant right ahead. The chair is closer to you than the potted plant. Be careful as you navigate forward to avoid bumping into the plant.",0.9468989372253418,0.11144495010375977,,0.328596830368042,0.6081500053405762,240,2,depth,
TEXT_WoodenCrate_StencilText_BAKERAndCo_VintageCocoa.jpg,text,2025-12-04T15:23:00.417100,True,"The image shows a wooden crate with the text ""BAKER & CO. LTD BREAKFAST COCOA"" stenciled on the front in bold, black letters. The crate is positioned on a wooden surface. To the right of the crate, there is a glass jar with a metal handle, filled with long, white candles. The background is blurred, but part of another wooden item is visible on the left side of the crate. The overall setting gives a rustic and vintage feel.",3.1696529388427734,631,0.00827,,True,"The image does not show any objects. This means you are in an open space with no obstacles, furniture, or structures around. It's important to be cautious as there may be potential hazards or changes in the environment ahead. Proceed with care and be aware of your surroundings in case there are any obstacles or changes in the environment.",1.5331010818481445,0.0596160888671875,1.4346401691436768,242,0,,True,"I'm sorry, but there are no objects or text visible in the image. It seems to be blank.",1.1304550170898438,0.05740785598754883,0.21605825424194336,,0.904778003692627,200,0,ocr,
TEXT_TimesSquare_DigitalBillboards_Night_AdvertisingDensity.jpg,text,2025-12-04T15:23:06.250860,True,"This image shows a busy urban scene, likely Times Square in New York City, with several large, illuminated billboards on display. 

On the left side, there's a prominent billboard featuring an advertisement for ""Bill Burr: Drop Dead Years,"" with an image of a man lying on the ground. Below this, the text states ""Now Streaming"" on Hulu.

To the right, there's another large billboard displaying a selfie of two people smiling. This screen is bright and colorful.

Below these billboards,",2.8624026775360107,633,0.00833,,True,"In the image, there are six people detected in different positions: one at the center bottom, another at the right bottom, two at the center bottom, one at the right center, and one more at the right bottom. 

There is also a TV detected at the right center of the image.

The most critical element to be aware of is the person at the center bottom, as it has the highest confidence level of 0.67.

For safety and navigation, it's important to be cautious",1.7215580940246582,0.06351113319396973,1.619333267211914,431,7,,True,"In the image, there are six people located at the center bottom, center bottom, right bottom, center bottom, right center, and right bottom. Confidence levels for these detections are 0.67, 0.51, 0.46, 0.43, 0.36, and 0.27, respectively.",1.862070083618164,0.06574296951293945,0.2495419979095459,,1.6016290187835693,319,7,ocr,
